SC_deploy.js, 4494.468291
SC_deploy.js, 4309.806125
SC_deploy.js, 4281.120000000001
SC_deploy.js, 8343.29825
SC_deploy.js, 4254.470459
SC_deploy.js, 4298.8343330000025
SC_deploy.js, 4330.256957999998
SC_deploy.js, 4326.781499999997
SC_deploy.js, 4245.568000000007
SC_deploy.js, 8282.491833
SC_deploy.js, 4240.215833000002
SC_deploy.js, 4273.794999999998
SC_deploy.js, 4292.834083000002
SC_deploy.js, 4304.393291
SC_deploy.js, 8315.760666999995
SC_deploy.js, 4303.825167000003
SC_deploy.js, 4304.314624999999
SC_deploy.js, 4254.2119999999995
SC_deploy.js, 4262.013791999998
SC_deploy.js, 4264.349124999993
SC_deploy.js, 8277.418000000005
SC_deploy.js, 4260.129417000004
SC_deploy.js, 4267.545958000002
SC_deploy.js, 4290.192458000005
SC_deploy.js, 4232.828041999994
SC_deploy.js, 4245.183625000005
SC_deploy.js, 8227.725584
SC_deploy.js, 4295.428083000006
SC_deploy.js, 4235.664625000005
SC_deploy.js, 4251.291750000004
SC_deploy.js, 4228.726250000007
SC_deploy.js, 8256.305334000004
SC_deploy.js, 4262.137749999994
SC_deploy.js, 4284.37275000001
SC_deploy.js, 4258.141957999993
SC_deploy.js, 4233.813541999989
SC_deploy.js, 8290.662124999973
SC_deploy.js, 4327.970207999984
SC_deploy.js, 4328.935749999975
SC_deploy.js, 4333.201625000016
SC_deploy.js, 4251.624833000009
SC_deploy.js, 4239.288291000004
SC_deploy.js, 8255.390749999991
SC_deploy.js, 4276.793999999994
SC_deploy.js, 4283.147834000003
SC_deploy.js, 4261.793416
SC_deploy.js, 4244.437375000009
SC_deploy.js, 8313.199958000012
SC_deploy.js, 4206.819709000003
SC_deploy.js, 4217.566625000007
SC_deploy.js, 4240.244417000009
SC_deploy.js, 4269.360916000005
SC_deploy.js, 4280.236166000017
SC_deploy.js, 8317.897958000016
SC_deploy.js, 4257.606082999962
SC_deploy.js, 4298.468916000042
SC_deploy.js, 4277.098666999955
SC_deploy.js, 4267.6379169999855
SC_deploy.js, 8265.278458999994
SC_deploy.js, 4257.9147079999675
SC_deploy.js, 4255.571667000011
SC_deploy.js, 4251.478957999963
SC_deploy.js, 4257.327333999972
SC_deploy.js, 4235.193957999989
SC_deploy.js, 8311.113291000016
SC_deploy.js, 4308.734499999962
SC_deploy.js, 4311.455458000011
SC_deploy.js, 4369.941250000033
SC_deploy.js, 4258.533333999978
SC_deploy.js, 8260.989084
SC_deploy.js, 4263.995834000001
SC_deploy.js, 4260.763291000039
SC_deploy.js, 4405.849500000011
SC_deploy.js, 4334.235207999998
SC_deploy.js, 4288.187417000008
SC_deploy.js, 8429.642415999959
SC_deploy.js, 4285.635124999972
SC_deploy.js, 4282.068041999999
SC_deploy.js, 4290.411292000033
SC_deploy.js, 4282.830499999982
SC_deploy.js, 4271.393999999971
SC_deploy.js, 8287.925958000007
SC_deploy.js, 4275.346667000034
SC_deploy.js, 4284.023082999978
SC_deploy.js, 4297.70883399999
SC_deploy.js, 4222.9466660000035
SC_deploy.js, 8284.876875000016
SC_deploy.js, 4233.461417000042
SC_deploy.js, 4271.796916999971
SC_deploy.js, 4331.6882500000065
SC_deploy.js, 4286.757457999978
SC_deploy.js, 4278.36733400001
SC_deploy.js, 8288.966375000018
SC_deploy.js, 4278.046499999997
SC_deploy.js, 4258.902249999985
SC_deploy.js, 4215.888416999951
SC_deploy.js, 4229.218999999983
SC_deploy.js, 8310.583583
SC_deploy.js, 4251.348708000034
SC_deploy.js, 4247.120292000007
SC_deploy.js, 4251.190917
SC_deploy.js, 4324.594666999998
SC_deploy.js, 4225.554915999994
SC_deploy.js, 8335.500084
SC_deploy.js, 4267.167165999999
SC_deploy.js, 4321.38979200006
SC_deploy.js, 4280.969165999908
SC_deploy.js, 4205.734167000046
SC_deploy.js, 8302.24783300003
SC_deploy.js, 4253.438874999993
SC_deploy.js, 4287.9032919999445
SC_deploy.js, 4286.437249999959
SC_deploy.js, 4305.166917000082
SC_deploy.js, 4254.709291000036
SC_deploy.js, 8264.405166000011
SC_deploy.js, 4255.951040999964
SC_deploy.js, 4289.0947079999605
SC_deploy.js, 4243.829207999981
SC_deploy.js, 4271.125458000111
SC_deploy.js, 8287.556250000023
SC_deploy.js, 4262.738041999983
SC_deploy.js, 4287.935082999989
SC_deploy.js, 4269.068709000014
SC_deploy.js, 4254.252333999961
SC_deploy.js, 8273.93833299994
SC_deploy.js, 4250.0146670000395
SC_deploy.js, 4254.15841699997
SC_deploy.js, 4251.066916000098
SC_deploy.js, 4280.975375000038
SC_deploy.js, 8328.232707999996
SC_deploy.js, 4223.39845800004
SC_deploy.js, 4241.408707999974
SC_deploy.js, 4270.0481250000885
SC_deploy.js, 181187.39345800004
SC_deploy.js, 8353.23199999996
SC_deploy.js, 4257.218584000017
SC_deploy.js, 4229.728999999934
SC_deploy.js, 4277.621166000026
SC_deploy.js, 4279.04458300001
SC_deploy.js, 8244.292666000081
SC_deploy.js, 4260.150459000026
SC_deploy.js, 4267.720166999963
SC_deploy.js, 4251.883084000088
SC_deploy.js, 4240.429417000036
SC_deploy.js, 8250.12358299992
SC_deploy.js, 4227.895958999987
SC_deploy.js, 4211.979792000027
SC_deploy.js, 4260.518291999935
SC_deploy.js, 4253.171083000023
SC_deploy.js, 8375.706875000033
SC_deploy.js, 4238.702624999918
SC_deploy.js, 4253.735458999989
SC_deploy.js, 4256.730083000031
SC_deploy.js, 4212.602166000055
SC_deploy.js, 4262.247457999969
SC_deploy.js, 8312.877875000006
SC_deploy.js, 4258.67570900009
SC_deploy.js, 4300.642375000054
SC_deploy.js, 4286.958042000071
SC_deploy.js, 4316.370583000011
SC_deploy.js, 8323.150874999934
SC_deploy.js, 4242.7497079999885
SC_deploy.js, 4277.511999999988
SC_deploy.js, 4255.06166700006
SC_deploy.js, 4247.292917000013
SC_deploy.js, 4241.744999999995
SC_deploy.js, 8258.656707999995
SC_deploy.js, 4235.624334000051
SC_deploy.js, 4248.9078750000335
SC_deploy.js, 4277.770958999987
SC_deploy.js, 4345.972791999928
SC_deploy.js, 8259.94274999993
SC_deploy.js, 4230.136042000027
SC_deploy.js, 4252.172833000077
SC_deploy.js, 4281.390875000041
SC_deploy.js, 4236.719249999849
SC_deploy.js, 4221.023874999955
SC_deploy.js, 8264.612499999814
SC_deploy.js, 4259.927417000057
SC_deploy.js, 4234.430458000163
SC_deploy.js, 4254.691792000085
SC_deploy.js, 4238.201124999905
SC_deploy.js, 8311.911375000142
SC_deploy.js, 4271.3946660000365
SC_deploy.js, 4482.538500000024
SC_deploy.js, 4245.07275000005
SC_deploy.js, 4237.25
SC_deploy.js, 4240.004249999998
SC_deploy.js, 8250.872541000135
SC_deploy.js, 4249.977500000037
SC_deploy.js, 4254.227333000163
SC_deploy.js, 4246.640999999829
SC_deploy.js, 4244.1052919998765
SC_deploy.js, 8257.057750000153
SC_deploy.js, 4286.625916999998
SC_deploy.js, 4238.395958000096
SC_deploy.js, 4273.061416000128
SC_deploy.js, 4247.358458000002
SC_deploy.js, 8278.507957999827
SC_deploy.js, 4245.01666600001
SC_deploy.js, 4249.880000000121
SC_deploy.js, 4264.380667000078
SC_deploy.js, 4263.2300419998355
SC_deploy.js, 4218.817207999993
SC_deploy.js, 8282.591666999971
SC_deploy.js, 4238.319124999922
SC_deploy.js, 4249.59912499995
SC_deploy.js, 4244.11320900009
SC_deploy.js, 4278.002749999985
SC_deploy.js, 8285.786124999868
SC_deploy.js, 4294.8634580001235
SC_deploy.js, 4234.2657500000205
SC_deploy.js, 4202.573624999961
SC_deploy.js, 4301.653292000061
SC_deploy.js, 4233.050624999916
SC_deploy.js, 8234.260541999945
SC_deploy.js, 4287.871540999971
SC_deploy.js, 4285.788832999999
SC_deploy.js, 4242.496333000017
SC_deploy.js, 4349.7657079999335
SC_deploy.js, 8280.619916999945
SC_deploy.js, 4293.397166999988
SC_deploy.js, 4241.465832999907
SC_deploy.js, 4267.73591599986
SC_deploy.js, 4293.915665999986
SC_deploy.js, 4271.322874999838
SC_deploy.js, 8273.941917000106
SC_deploy.js, 4238.820457999827
SC_deploy.js, 4247.982040999923
SC_deploy.js, 4254.560000000056
SC_deploy.js, 4236.360875000013
SC_deploy.js, 8271.611082999967
SC_deploy.js, 4243.090209000045
SC_deploy.js, 4262.29995799996
SC_deploy.js, 4242.513250000076
SC_deploy.js, 4241.11412500008
SC_deploy.js, 8263.494124999968
SC_deploy.js, 4250.131999999983
SC_deploy.js, 4266.743207999971
SC_deploy.js, 4258.1466660001315
SC_deploy.js, 4252.887957999948
SC_deploy.js, 4231.571291000117
SC_deploy.js, 8308.455667000031
SC_deploy.js, 4295.407791999867
SC_deploy.js, 4250.859834000003
SC_deploy.js, 4289.185999999987
SC_deploy.js, 4297.0936249999795
SC_deploy.js, 8292.96941700019
SC_deploy.js, 4268.3105829998385
SC_deploy.js, 4232.025791000109
SC_deploy.js, 8407.170042
SC_deploy.js, 4305.570915999999
SC_deploy.js, 4271.593459
SC_deploy.js, 4288.049167000001
SC_deploy.js, 4219.248749999999
SC_deploy.js, 8302.163541999998
SC_deploy.js, 4289.784874999998
SC_deploy.js, 4289.162083000003
SC_deploy.js, 4260.896165999999
SC_deploy.js, 4241.158582999997
SC_deploy.js, 8293.205249999999
SC_deploy.js, 4259.408000000003
SC_deploy.js, 4245.961374999999
SC_deploy.js, 4276.3392500000045
SC_deploy.js, 4357.05975
SC_deploy.js, 4218.186708000008
SC_deploy.js, 8254.527833
SC_deploy.js, 4235.564541
SC_deploy.js, 4242.68862500001
SC_deploy.js, 4280.547500000001
SC_deploy.js, 4221.917040999993
SC_deploy.js, 8245.284209000005
SC_deploy.js, 4343.829249999995
SC_deploy.js, 4301.801290999996
SC_deploy.js, 4266.0763330000045
SC_deploy.js, 4390.4785409999895
SC_deploy.js, 4214.162750000018
SC_deploy.js, 8277.877666999993
SC_deploy.js, 4273.453540999995
SC_deploy.js, 4230.375457999995
SC_deploy.js, 4241.724958000006
SC_deploy.js, 4221.785917000001
SC_deploy.js, 8302.224625000003
SC_deploy.js, 4275.266042000003
SC_deploy.js, 4269.590750000003
SC_deploy.js, 4259.199499999988
SC_deploy.js, 4293.692500000005
SC_deploy.js, 4289.049375000002
SC_deploy.js, 8316.522708000004
SC_deploy.js, 4251.357208000001
SC_deploy.js, 4289.259334000002
SC_deploy.js, 4258.259959000017
SC_deploy.js, 4282.96441700001
SC_deploy.js, 8313.838958000008
SC_deploy.js, 4218.740500000014
SC_deploy.js, 4258.433708999975
SC_deploy.js, 4280.40174999999
SC_deploy.js, 4329.483792000014
SC_deploy.js, 4250.838999999978
SC_deploy.js, 8255.522083999997
SC_deploy.js, 4249.6625420000055
SC_deploy.js, 4273.828875000036
SC_deploy.js, 4308.080542000011
SC_deploy.js, 4225.070667000022
SC_deploy.js, 8229.453999999969
SC_deploy.js, 4238.927541999961
SC_deploy.js, 4221.276874999981
SC_deploy.js, 4255.232458000013
SC_deploy.js, 4215.78354199999
SC_deploy.js, 8237.486375000037
SC_deploy.js, 4219.280792000005
SC_deploy.js, 4344.065165999986
SC_deploy.js, 4300.316292000003
SC_deploy.js, 4263.130791999982
SC_deploy.js, 4280.302874999994
SC_deploy.js, 8282.19729099999
SC_deploy.js, 4246.645458000014
SC_deploy.js, 4281.652042000031
SC_deploy.js, 4299.446999999986
SC_deploy.js, 4267.470499999996
SC_deploy.js, 8299.970542000025
SC_deploy.js, 4307.5629999999655
SC_deploy.js, 4292.112000000023
SC_deploy.js, 4287.083291000046
SC_deploy.js, 4242.677625000011
SC_deploy.js, 4282.918707999983
SC_deploy.js, 8277.315750000009
SC_deploy.js, 4280.115500000014
SC_deploy.js, 4258.47558300005
SC_deploy.js, 4258.199000000022
SC_deploy.js, 4649.836874999979
SC_deploy.js, 4278.082957999955
SC_deploy.js, 8305.866833999986
SC_deploy.js, 4262.655041000049
SC_deploy.js, 4259.161916000012
SC_deploy.js, 4278.008541000017
SC_deploy.js, 4308.039749999996
SC_deploy.js, 4231.3517499999725
SC_deploy.js, 8286.093542000046
SC_deploy.js, 4284.992957999988
SC_deploy.js, 4269.22320800001
SC_deploy.js, 4241.3434579999885
SC_deploy.js, 4293.212500000023
SC_deploy.js, 8303.249124999973
SC_deploy.js, 4263.635167
SC_deploy.js, 4237.327875000017
SC_deploy.js, 4280.08712500002
SC_deploy.js, 4328.487542000017
SC_deploy.js, 4229.546040999994
SC_deploy.js, 8271.915500000003
SC_deploy.js, 4235.812666999991
SC_deploy.js, 4260.46762499999
SC_deploy.js, 4242.56362500001
SC_deploy.js, 4245.885083000001
SC_deploy.js, 8298.180958999961
SC_deploy.js, 4286.22641699994
SC_deploy.js, 4274.51666600001
SC_deploy.js, 4257.238541999948
SC_deploy.js, 4282.783416000078
SC_deploy.js, 8277.045291999937
SC_deploy.js, 4220.640999999945
SC_deploy.js, 4250.476750000031
SC_deploy.js, 4286.259083000012
SC_deploy.js, 4214.7797919999575
SC_deploy.js, 4222.936166999978
SC_deploy.js, 8264.523291000049
SC_deploy.js, 4274.41629199998
SC_deploy.js, 4282.130625000107
SC_deploy.js, 4257.273791999905
SC_deploy.js, 4197.18645899999
SC_deploy.js, 8267.471541999956
SC_deploy.js, 4289.014250000007
SC_deploy.js, 4248.387166000088
SC_deploy.js, 4208.196542000049
SC_deploy.js, 4279.711791999987
SC_deploy.js, 4240.834333000006
SC_deploy.js, 8244.132709000027
SC_deploy.js, 4259.162875000038
SC_deploy.js, 4321.146666000015
SC_deploy.js, 4243.060541999992
SC_deploy.js, 4236.987207999919
SC_deploy.js, 8267.859832999995
SC_deploy.js, 4258.943542000023
SC_deploy.js, 4289.5498330000555
SC_deploy.js, 4251.779749999987
SC_deploy.js, 4254.36162500002
SC_deploy.js, 8318.764208000037
SC_deploy.js, 4246.200750000076
SC_deploy.js, 4230.3583749999525
SC_deploy.js, 4310.301124999998
SC_deploy.js, 4227.514500000048
SC_deploy.js, 4221.183375000022
SC_deploy.js, 8242.939916000003
SC_deploy.js, 4246.631291999947
SC_deploy.js, 4235.676457999973
SC_deploy.js, 4251.395040999982
SC_deploy.js, 4228.165084000095
SC_deploy.js, 8239.568667000043
SC_deploy.js, 4290.795875000069
SC_deploy.js, 4275.720624999958
SC_deploy.js, 4284.307207999984
SC_deploy.js, 4298.551042000065
SC_deploy.js, 4211.46412499994
SC_deploy.js, 8237.554917000001
SC_deploy.js, 4228.526667000027
SC_deploy.js, 4297.396708999993
SC_deploy.js, 4228.649124999996
SC_deploy.js, 4268.628458000021
SC_deploy.js, 8271.106083000079
SC_deploy.js, 4282.8264999999665
SC_deploy.js, 4293.118124999921
SC_deploy.js, 4257.687709000078
SC_deploy.js, 4195.59054200002
SC_deploy.js, 8241.84850000008
SC_deploy.js, 4311.659875000012
SC_deploy.js, 4323.256707999972
SC_deploy.js, 4285.932416999945
SC_deploy.js, 4211.76108299999
SC_deploy.js, 4219.2972079999745
SC_deploy.js, 8269.341833999963
SC_deploy.js, 4272.741625000024
SC_deploy.js, 4272.139292000094
SC_deploy.js, 4353.371333000017
SC_deploy.js, 4240.05470800004
SC_deploy.js, 8308.75629099994
SC_deploy.js, 4235.3260840000585
SC_deploy.js, 4261.501541999984
SC_deploy.js, 4290.839083999977
SC_deploy.js, 4218.868332999991
SC_deploy.js, 4234.76004199998
SC_deploy.js, 8250.005125000025
SC_deploy.js, 4281.658166999929
SC_deploy.js, 4238.157540999935
SC_deploy.js, 4261.710541000008
SC_deploy.js, 4266.339833999984
SC_deploy.js, 8270.845500000054
SC_deploy.js, 4247.724041000009
SC_deploy.js, 4253.549707999919
SC_deploy.js, 4252.590666000033
SC_deploy.js, 4410.803166999947
SC_deploy.js, 4210.63279199996
SC_deploy.js, 8358.12750000006
SC_deploy.js, 4289.5474170000525
SC_deploy.js, 4274.995791000081
SC_deploy.js, 4250.461124999914
SC_deploy.js, 4269.260207999963
SC_deploy.js, 8266.649040999939
SC_deploy.js, 4278.021707999986
SC_deploy.js, 4301.224708999973
SC_deploy.js, 4378.222375000012
SC_deploy.js, 4258.834000000032
SC_deploy.js, 4246.651916999952
SC_deploy.js, 8307.563083000015
SC_deploy.js, 4262.033417000086
SC_deploy.js, 4231.285082999966
SC_deploy.js, 4301.899083000026
SC_deploy.js, 4239.546958999941
SC_deploy.js, 8271.54920800007
SC_deploy.js, 4245.214334000018
SC_deploy.js, 4232.87962500006
SC_deploy.js, 4296.873416999821
SC_deploy.js, 4232.353582999902
SC_deploy.js, 4238.416582999984
SC_deploy.js, 8253.981999999844
SC_deploy.js, 4306.149709000019
SC_deploy.js, 4295.521583999973
SC_deploy.js, 4265.565332999919
SC_deploy.js, 4255.188208000036
SC_deploy.js, 8276.939708000049
SC_deploy.js, 4256.004208999919
SC_deploy.js, 4249.516749999952
SC_deploy.js, 4276.316542000044
SC_deploy.js, 4300.459749999922
SC_deploy.js, 4242.245457999874
SC_deploy.js, 8321.46670800005
SC_deploy.js, 4265.295082999859
SC_deploy.js, 4255.7461249998305
SC_deploy.js, 4247.65179100004
SC_deploy.js, 4278.38758300012
SC_deploy.js, 8285.947209000122
SC_deploy.js, 4258.738667000085
SC_deploy.js, 4257.188208000036
SC_deploy.js, 4300.316749999998
SC_deploy.js, 4316.680792000145
SC_deploy.js, 4213.048042000039
SC_deploy.js, 8302.164499999955
SC_deploy.js, 4295.697124999948
SC_deploy.js, 4260.989791000029
SC_deploy.js, 4301.872207999928
SC_deploy.js, 4249.729874999961
SC_deploy.js, 8304.89795800019
SC_deploy.js, 4285.8090829998255
SC_deploy.js, 4235.675874999957
SC_deploy.js, 4226.27662499994
SC_deploy.js, 4277.260582999792
SC_deploy.js, 4235.502250000136
SC_deploy.js, 156148.75112500018
SC_deploy.js, 4220.014750000089
SC_deploy.js, 4236.979332999792
SC_deploy.js, 4290.893667000113
SC_deploy.js, 4287.114834
SC_deploy.js, 8807.807292000001
SC_deploy.js, 4421.032
SC_deploy.js, 4424.892791
SC_deploy.js, 9617.638292
SC_deploy.js, 8461.801542000001
SC_deploy.js, 4437.4550420000005
SC_deploy.js, 8607.878
SC_deploy.js, 4436.25775
SC_deploy.js, 4537.263292
SC_deploy.js, 4850.912917
SC_deploy.js, 4406.907541
SC_deploy.js, 4550.0839160000005
SC_deploy.js, 4359.945957999999
SC_deploy.js, 14332.770708
SC_deploy.js, 8664.995084
SC_deploy.js, 9091.057375
SC_deploy.js, 15561.606000000002
SC_deploy.js, 8555.426334
SC_deploy.js, 4458.50025
SC_deploy.js, 4465.176917
SC_deploy.js, 8485.2265
SC_deploy.js, 14573.039666
SC_deploy.js, 4737.096666
SC_deploy.js, 4473.380667
SC_deploy.js, 4672.577542
SC_deploy.js, 8658.767166
